time	sample_size	area_occupied	num_segregating	pi	zmar	fstavg	fstmax	% habitat loss	original_num_seg	original_pi	time passed (slim ticks)	% pi	% num_segregating	habitat loss	feature
4975.0	1000.0	0.9884328626640482	105746.0	0.0001474877974237	0.2365199503896472	0.236677696068898	0.4456725359438041	10.0	120057.0	0.0001535337319203	180025.0	96.06214580927502	88.07982874801135	WE_0.1_1	long-term
4975.0	1000.0	0.9962077775299149	107573.0	0.0001479916822461	0.2321249793101162	0.2449474150692867	0.6715399254444175	10.0	121500.0	0.0001571115526811	180025.0	94.19528972925929	88.53744855967078	WE_0.1_2	long-term
4975.0	1000.0	0.9934020619598596	106233.0	0.0001457045807203	0.2347527640767219	0.254799641615781	0.5467617284992106	10.0	120285.0	0.0001527287908092	180025.0	95.40086053737231	88.31774535478239	WE_0.1_3	long-term
4975.0	1000.0	0.9954181514746406	108012.0	0.0001537122231466	0.2368402575900474	0.2422655155666056	0.6496931739930737	10.0	121354.0	0.0001569568875149	180025.0	97.93276713136146	89.00571880613741	WE_0.1_4	long-term
4975.0	1000.0	0.9962802715053312	106590.0	0.0001492473930415	0.2462014091758569	0.250550968469319	0.5578580277868267	10.0	119097.0	0.0001511975988495	180025.0	98.71016086046367	89.49847603214187	WE_0.1_5	long-term
4975.0	1000.0	0.9943191799193994	105780.0	0.0001471814594647	0.237402796230422	0.2335421036239279	0.4880853364312611	10.0	119581.0	0.0001506959903187	180025.0	97.66780068496364	88.45886888385279	WE_0.1_6	long-term
4975.0	1000.0	0.9900543970481468	105877.0	0.0001461687045322	0.2500906183437126	0.2387002751080614	0.5274973875919992	10.0	119242.0	0.0001540917925549	180025.0	94.85820244457398	88.79170091075292	WE_0.1_7	long-term
4975.0	1000.0	0.9930882078045844	106787.0	0.0001485157532916	0.2250455148141302	0.2413651670880225	0.5144626067822364	10.0	119683.0	0.0001534990777971	180025.0	96.75351501975332	89.22486902901832	WE_0.1_8	long-term
4975.0	1000.0	0.9916257655662712	106089.0	0.0001487195877238	0.2402896338965464	0.223995030474196	0.4478045121443724	10.0	121903.0	0.000157621963433	180025.0	94.35207155442895	87.02739063025521	WE_0.1_9	long-term
4975.0	1000.0	0.9012183638412706	97845.0	0.0001382887324212	0.2481636373208539	0.2444054005625784	0.5345556645580325	20.0	120152.0	0.0001531876482548	180025.0	90.2740749640478	81.43434982355683	WE_0.2_1	long-term
4975.0	1000.0	0.8983452825023597	98145.0	0.0001376000523411	0.2278584381779936	0.2450044002724178	0.5129362765937855	20.0	120221.0	0.0001516704319582	180025.0	90.72305693638576	81.63715157917501	WE_0.2_2	long-term
4975.0	1000.0	0.9031597614037852	98306.0	0.0001356102979089	0.2425860139704345	0.2373906935430904	0.5051431465753403	20.0	118738.0	0.0001524779362661	180025.0	88.93765303344406	82.792366386498	WE_0.2_3	long-term
4975.0	1000.0	0.9009196505355916	98779.0	0.0001403204574737	0.2280757468714855	0.2756577413721388	0.673165970045571	20.0	120427.0	0.000153858629276	180025.0	91.20090184996091	82.02396472551837	WE_0.2_4	long-term
4975.0	1000.0	0.9014719067115562	97920.0	0.0001370919771335	0.2337899630210958	0.2367720134704754	0.5619854177917548	20.0	120141.0	0.0001513253773928	180025.0	90.594174946378	81.50423252678102	WE_0.2_5	long-term
4975.0	1000.0	0.8964774099441043	98771.0	0.0001388753318609	0.2307390925951785	0.2680902898720137	0.64247628155613	20.0	120224.0	0.0001539924993261	180025.0	90.18317935525721	82.15580915624167	WE_0.2_6	long-term
4975.0	1000.0	0.8939730750009076	98080.0	0.0001368944681641	0.2378600205509041	0.2350804281025637	0.4480688820505108	20.0	119985.0	0.000157519915238	180025.0	86.9061337147518	81.74355127724299	WE_0.2_7	long-term
4975.0	1000.0	0.9025547350886488	100152.0	0.0001432322223211	0.2324860639484706	0.2609144941326408	0.6330905240188686	20.0	121870.0	0.0001580928065748	180025.0	90.60008828000097	82.17937146139329	WE_0.2_8	long-term
4975.0	1000.0	0.8974943603942643	100498.0	0.0001438846543221	0.2309667318353463	0.2573915431246414	0.588515458392525	20.0	120080.0	0.0001530866837087	180025.0	93.98900729725779	83.6925383077948	WE_0.2_9	long-term
4975.0	1000.0	0.8978198418265847	85439.0	0.0001201815453977	0.2309767531614526	0.2590288345781073	0.6614495744094586	30.0	119751.0	0.0001541093009257	180025.0	77.98461525410629	71.34721213184024	WE_0.3_1	long-term
4975.0	1000.0	0.8984932049691268	86069.0	0.0001224453716608	0.2293227370566642	0.2696432775322886	0.6746040789440773	30.0	118820.0	0.0001509179023186	180025.0	81.13376198557799	72.43645850866858	WE_0.3_2	long-term
4975.0	1000.0	0.8866947929626959	85893.0	0.0001236566211656	0.2297049009126897	0.2527996317050163	0.5564969341032565	30.0	120965.0	0.0001552464438749	180025.0	79.65182201870236	71.00648948042823	WE_0.3_3	long-term
4975.0	1000.0	0.9041829495014032	86081.0	0.0001209948114757	0.2237621773401722	0.2907727446750115	0.6845537069280111	30.0	119349.0	0.0001533809805191	180025.0	78.8851466891183	72.12544721782336	WE_0.3_4	long-term
4975.0	1000.0	0.8947572055199255	85989.0	0.0001207056267433	0.2434985003565119	0.2603138818060103	0.6501982079127469	30.0	120485.0	0.0001535856876937	180025.0	78.59171551455135	71.36905008922272	WE_0.3_5	long-term
4975.0	1000.0	0.897240138687665	85610.0	0.0001236823238319	0.2358592361996134	0.2721664970497863	0.6718272045408301	30.0	118327.0	0.000150453419579	180025.0	82.20638931171447	72.35035114555427	WE_0.3_6	long-term
4975.0	1000.0	0.8915149546672462	85136.0	0.0001215346988294	0.2227418518083993	0.2623704492241124	0.6473164158993937	30.0	119499.0	0.0001548663822157	180025.0	78.47713434677179	71.24411082937932	WE_0.3_7	long-term
4975.0	1000.0	0.890520244692111	85135.0	0.0001206559694647	0.2391894279868948	0.2751412283132046	0.679990406907027	30.0	119748.0	0.0001516975967901	180025.0	79.53716605784368	71.09513311287036	WE_0.3_8	long-term
4975.0	1000.0	0.8929960027679615	85166.0	0.0001183567897498	0.236900369174013	0.2732036933671241	0.6851104949163935	30.0	120906.0	0.0001557767701588	180025.0	75.97845919461945	70.4398458306453	WE_0.3_9	long-term
4975.0	1000.0	0.7052888606537417	70979.0	0.0001013778128514	0.2353670096182471	0.2809968910430181	0.618010306780754	40.0	120510.0	0.0001543759964252	180025.0	65.6694144160687	58.898846568749484	WE_0.4_1	long-term
4975.0	1000.0	0.7039475877132867	71278.0	0.0001012794530665	0.2354291078943561	0.289993778644746	0.6516758855035115	40.0	119398.0	0.0001547422113268	180025.0	65.4504366960402	59.69781738387577	WE_0.4_2	long-term
4975.0	1000.0	0.6995379550843692	70490.0	0.0001009608623712	0.2304075672180715	0.2920437199547802	0.705042267217954	40.0	117485.0	0.0001504091748064	180025.0	67.12413820576593	59.9991488275099	WE_0.4_3	long-term
4975.0	1000.0	0.6996999938339729	70470.0	0.000100084966123	0.2428586922857708	0.2820200244388773	0.6555983282348964	40.0	118882.0	0.0001528845558777	180025.0	65.46440583773744	59.27726653320099	WE_0.4_4	long-term
4975.0	1000.0	0.697395019032577	70629.0	0.0001009805661881	0.243987948555904	0.278649651401178	0.6929632083182097	40.0	119866.0	0.0001531936585325	180025.0	65.91693622009622	58.92329768241203	WE_0.4_5	long-term
4975.0	1000.0	0.7027047128473525	72293.0	0.0001034965228414	0.2418810944694428	0.27417527216343	0.6663277092521115	40.0	118532.0	0.0001512550988592	180025.0	68.42514640629908	60.99028110552425	WE_0.4_6	long-term
4975.0	1000.0	0.7030267965370289	70772.0	9.923754070036382e-05	0.2452038474554854	0.3044143447465914	0.7826491572743253	40.0	119561.0	0.0001513340524457	180025.0	65.57515582024814	59.193215178862665	WE_0.4_7	long-term
4975.0	1000.0	0.6998287116820011	70066.0	9.925056867935294e-05	0.2287207414406541	0.2843372373653312	0.6637745210005284	40.0	118536.0	0.0001506240911885	180025.0	65.89289130059868	59.109468853344126	WE_0.4_8	long-term
4975.0	1000.0	0.6948119253612657	71830.0	0.0001030244958629	0.235318283847839	0.2821286269747927	0.6019867069753139	40.0	117974.0	0.0001497563431089	180025.0	68.79474600149825	60.88629698069066	WE_0.4_9	long-term
4975.0	1000.0	0.5038535568716337	58171.0	8.092727325163428e-05	0.2586477886452067	0.2673020023657785	0.7044556025800979	50.0	117454.0	0.0001482940624171	180025.0	54.572160161081705	49.52662318865258	WE_0.5_1	long-term
4975.0	1000.0	0.5043922012048537	58098.0	7.987528625813817e-05	0.2413715153001654	0.2707799431264071	0.6585638881112748	50.0	118067.0	0.0001521148092097	180025.0	52.509868482315206	49.20765328161129	WE_0.5_2	long-term
4975.0	1000.0	0.5049304742670988	56915.0	8.125269151576578e-05	0.2415207874268578	0.2772670967215256	0.6502016225659877	50.0	119021.0	0.0001528973291597	180025.0	53.14199532609102	47.81929239377925	WE_0.5_3	long-term
4975.0	1000.0	0.4991451626567249	57562.0	7.938846366184043e-05	0.2385353438035075	0.2620820699760497	0.5468382208395277	50.0	117847.0	0.0001496626924165	180025.0	53.04492547876147	48.84468845197586	WE_0.5_4	long-term
4975.0	1000.0	0.5043391511499544	56941.0	7.797164914458246e-05	0.2548806116364751	0.2592305176581348	0.4913926123864307	50.0	117846.0	0.000152166103767	180025.0	51.24114189318688	48.31814401846478	WE_0.5_5	long-term
4975.0	1000.0	0.5017740429468436	57488.0	7.878079583792742e-05	0.256745702837666	0.2634588205459073	0.6062628425537802	50.0	117905.0	0.00015345039227	180025.0	51.33958582478599	48.7578983079598	WE_0.5_6	long-term
4975.0	1000.0	0.5053092855943081	58366.0	8.262859730366041e-05	0.2731790643048792	0.2676319550629681	0.5948508256072659	50.0	117303.0	0.0001499494317892	180025.0	55.10430837765381	49.75661321534829	WE_0.5_7	long-term
4975.0	1000.0	0.5040651224427631	57415.0	7.828429669335514e-05	0.2454254620126474	0.2765409476668924	0.6910873636664097	50.0	118294.0	0.0001515571943304	180025.0	51.65330292581996	48.53585135340761	WE_0.5_8	long-term
4975.0	1000.0	0.4997493018236006	58277.0	8.022327788895381e-05	0.2615813323355821	0.245039988320708	0.4499684976230024	50.0	117559.0	0.0001522819703019	180025.0	52.68074594117126	49.57255505746051	WE_0.5_9	long-term
4975.0	1000.0	0.503560441447439	44653.0	6.675304124563109e-05	0.271111407440439	0.349650204738833	0.7883711561702699	60.0	118952.0	0.00015031236817	180025.0	44.40954663832777	37.53867106059587	WE_0.6_1	long-term
4975.0	1000.0	0.5024237238212513	44194.0	6.614783504252886e-05	0.2618894088309425	0.3380147127887167	0.6709910863450363	60.0	117023.0	0.0001500032646989	180025.0	44.09759692584473	37.76522563940422	WE_0.6_2	long-term
4975.0	1000.0	0.5037376969164826	43878.0	6.565261514757963e-05	0.2658594928076351	0.3662272256597634	0.7870223164340812	60.0	118169.0	0.0001511026759279	180025.0	43.44900892351263	37.13156580829152	WE_0.6_3	long-term
4975.0	1000.0	0.4965440375654438	45032.0	6.764547377689588e-05	0.2635247238777734	0.3462620169185342	0.7717206417527043	60.0	118890.0	0.0001545250780004	180025.0	43.7763725165185	37.877029186643114	WE_0.6_4	long-term
4975.0	1000.0	0.5021460677712414	44429.0	6.644510765883673e-05	0.2737079260362564	0.3729770559215662	0.8293782480746352	60.0	118172.0	0.000154913177287	180025.0	42.89183710675377	37.596892664929086	WE_0.6_5	long-term
4975.0	1000.0	0.5003902354990148	44015.0	6.479543912456847e-05	0.2689827088197287	0.3256307047778448	0.6289122289194201	60.0	117593.0	0.0001524948909243	180025.0	42.49023605435646	37.4299490615938	WE_0.6_6	long-term
4975.0	1000.0	0.5056277619783438	44240.0	6.71676967083607e-05	0.2532036690362918	0.3603295780669528	0.8022944550669217	60.0	118070.0	0.0001535828608874	180025.0	43.733849154955514	37.46929787414246	WE_0.6_7	long-term
4975.0	1000.0	0.5072389122276683	44562.0	6.669245615308292e-05	0.2616097436873369	0.3557936275580266	0.7804685603301772	60.0	116432.0	0.0001491856749857	180025.0	44.704329795387956	38.27298337226879	WE_0.6_8	long-term
4975.0	1000.0	0.5055779886444929	43707.0	6.446987754878155e-05	0.28407516780063	0.3463060306775515	0.802521704753386	60.0	118507.0	0.0001531243357527	180025.0	42.10295981489328	36.881365657724864	WE_0.6_9	long-term
4975.0	1000.0	0.3083635936140052	30386.0	4.520734587794472e-05	0.2485400642915106	0.3134932160503574	0.8331536663831719	70.0	117512.0	0.0001537689575574	180025.0	29.399526794001574	25.857784736877935	WE_0.7_1	long-term
4975.0	1000.0	0.3027805886980902	30944.0	4.7725730875443366e-05	0.2299398416768984	0.3512477054079856	0.8209832256590331	70.0	115994.0	0.0001507799304873	180025.0	31.652575194324843	26.677241926306532	WE_0.7_2	long-term
4975.0	1000.0	0.3024106060375444	30527.0	4.523143099050113e-05	0.2398278008582456	0.3267430543792035	0.6936350788264659	70.0	116293.0	0.000150468649529	180025.0	30.060368809107718	26.25007524098613	WE_0.7_3	long-term
4975.0	1000.0	0.3056531903350901	30324.0	4.480874160080631e-05	0.2287769611605689	0.3166471312896811	0.6965100505797603	70.0	116815.0	0.0001500458863933	180025.0	29.863358921652623	25.958994992081497	WE_0.7_4	long-term
4975.0	1000.0	0.302407176401	30541.0	4.77045660130122e-05	0.2069635409431901	0.3414288807914506	0.7285282209058769	70.0	117538.0	0.0001511044414471	180025.0	31.57059154327574	25.983937109700694	WE_0.7_5	long-term
4975.0	1000.0	0.3081594406895077	30134.0	4.413412754377781e-05	0.2573758720895605	0.3180023990988785	0.7474923871920992	70.0	116225.0	0.0001498316329075	180025.0	29.455814294585203	25.92729619272962	WE_0.7_6	long-term
4975.0	1000.0	0.3055564516056835	30338.0	4.516057609805444e-05	0.2383102940509623	0.3168112538429233	0.7397460215508271	70.0	117285.0	0.0001553231256587	180025.0	29.07524292119143	25.866905401372726	WE_0.7_7	long-term
4975.0	1000.0	0.3004455315184738	29804.0	4.406540682341712e-05	0.2398651052179683	0.3231436800025703	0.7911713735077485	70.0	114652.0	0.0001489343070194	180025.0	29.58714328840112	25.995185430694622	WE_0.7_8	long-term
4975.0	1000.0	0.305503955010711	30530.0	4.631139315158113e-05	0.2285953197904704	0.3313175817059989	0.6609872121481198	70.0	116157.0	0.0001531459761573	180025.0	30.24003262352356	26.283392305242042	WE_0.7_9	long-term
4975.0	772.0	0.3034168243117775	17991.0	3.583499661684856e-05	0.4521435497812178	0.5377452187091555	0.9257848389983822	80.0	115730.0	0.0001543037673936	180025.0	23.22366927402375	15.545666637863995	WE_0.8_1	long-term
4975.0	744.0	0.3007545229774606	17664.0	3.2977145602390014e-05	0.4811656021250386	0.4567834923951531	0.8274150180519422	80.0	113746.0	0.0001539605722184	180025.0	21.4192147555872	15.52933729537742	WE_0.8_2	long-term
4975.0	761.0	0.3050100325196166	18909.0	3.499100994314434e-05	0.5015160301518128	0.4674858862133265	0.8208680300517137	80.0	114148.0	0.0001516410831227	180025.0	23.074887901474206	16.56533623015734	WE_0.8_3	long-term
4975.0	760.0	0.3012221212102956	17769.0	3.114782474619661e-05	0.5132385410856782	0.4735540689801456	0.8344446239460342	80.0	114552.0	0.0001533873883672	180025.0	20.306639990264795	15.511732662895453	WE_0.8_4	long-term
4975.0	760.0	0.2976241910178251	18177.0	3.576029395204478e-05	0.4825858537828649	0.5017612837828231	0.8556636147771968	80.0	113936.0	0.0001522584367896	180025.0	23.486576314625207	15.953693301502597	WE_0.8_5	long-term
4975.0	758.0	0.3010311858239116	17703.0	3.2845575903235766e-05	0.5458410677124687	0.485469366137541	0.8430024804049925	80.0	114405.0	0.0001516124567901	180025.0	21.664167047110684	15.473974039596172	WE_0.8_6	long-term
4975.0	745.0	0.295931102501848	17947.0	3.382953084138317e-05	0.4501474952028557	0.5074666905329074	0.8799733482006163	80.0	115939.0	0.0001547467057888	180025.0	21.86122843064206	15.479691906951068	WE_0.8_7	long-term
4975.0	754.0	0.3045580937072603	17230.0	2.882292493562232e-05	0.5307731188073648	0.491447705123702	0.8211637285172443	80.0	115081.0	0.0001547311932322	180025.0	18.627740362842484	14.97206315551655	WE_0.8_8	long-term
4975.0	785.0	0.3028079652718419	17497.0	3.151682816350283e-05	0.6236223148298701	0.5070097322393042	0.8161378909461559	80.0	115007.0	0.0001510525073951	180025.0	20.86481628607855	15.213856547862303	WE_0.8_9	long-term
4975.0	331.0	0.0535842294026229	5955.0	9.988589110155331e-06	0.2439369449529089	0.3274504429638795	0.7841220074689407	90.0	112833.0	0.0001539414521291	180025.0	6.488563653263838	5.277711307862062	WE_0.9_1	long-term
4975.0	345.0	0.0544314008634728	6154.0	1.0460706169412056e-05	0.2494710632579475	0.2872473742581216	0.6848708487084871	90.0	113088.0	0.0001529878036973	180025.0	6.837607911614637	5.441779852857951	WE_0.9_2	long-term
4975.0	351.0	0.0527459999570139	5858.0	1.023315259844484e-05	0.3074537186142878	0.3664698302521278	0.8338602037232175	90.0	112205.0	0.0001505102868178	180025.0	6.798972226285481	5.220801212067198	WE_0.9_3	long-term
4975.0	334.0	0.0528208228857931	6036.0	1.1499165267665594e-05	0.2541157444824064	0.3960527253513212	0.838933629547348	90.0	113723.0	0.0001552965298252	180025.0	7.404650497090259	5.307633460249905	WE_0.9_4	long-term
4975.0	326.0	0.0549681159765118	5966.0	1.0649948262701062e-05	0.2186150123874925	0.2721230013352622	0.6946237506608548	90.0	112732.0	0.0001534493513824	180025.0	6.94036707666564	5.292197423978994	WE_0.9_5	long-term
4975.0	334.0	0.0531825626796919	6213.0	1.108122911598096e-05	0.2680479304762083	0.2490079395826928	0.6318245041453487	90.0	112990.0	0.0001546016405657	180025.0	7.167601246295861	5.498716700592973	WE_0.9_6	long-term
4975.0	344.0	0.0537358703004165	5633.0	1.016702303578074e-05	0.2519310048094856	0.4078849760161921	0.9225283630470016	90.0	113797.0	0.0001547377409627	180025.0	6.570486923569301	4.950042619752717	WE_0.9_7	long-term
4975.0	345.0	0.0532799780120689	5891.0	1.0292083044109686e-05	0.2983458662835053	0.3827481122963	0.8688097306689835	90.0	114309.0	0.000155429295426	180025.0	6.621713761167857	5.153574959102083	WE_0.9_8	long-term
4975.0	344.0	0.0527101715513117	6312.0	1.119834805863024e-05	0.280829702011086	0.3624556652319717	0.801969264399649	90.0	112450.0	0.0001517114600654	180025.0	7.381346177673617	5.61316140506892	WE_0.9_9	long-term
84999.0	1000.0	0.9942688981799602	110827.0	0.0001532374421761	0.2419896780734039	0.2130287181487882	0.4450230079922499	10.0	120057.0	0.0001535337319203	100001.0	99.80701977311813	92.31198514039166	WE_0.1_1	short-term
84999.0	1000.0	0.9910284084912712	112259.0	0.0001569251282941	0.2331146632919859	0.2281065474774843	0.5821670506516282	10.0	121500.0	0.0001571115526811	100001.0	99.88134266142835	92.39423868312757	WE_0.1_2	short-term
84999.0	1000.0	0.9795625754860612	111023.0	0.0001526026434817	0.2453962234010128	0.2128828758290601	0.4060096594251047	10.0	120285.0	0.0001527287908092	100001.0	99.91740435655147	92.29995427526292	WE_0.1_3	short-term
84999.0	1000.0	0.9851855433214276	112503.0	0.0001568304176488	0.2307730574810571	0.2360536911065181	0.6737018997977726	10.0	121354.0	0.0001569568875149	100001.0	99.91942381879355	92.70646208612818	WE_0.1_4	short-term
84999.0	1000.0	0.992983072421346	110095.0	0.0001510880328764	0.2362144713064192	0.2126436245484261	0.4295657114409894	10.0	119097.0	0.0001511975988495	100001.0	99.92753458128058	92.44145528434805	WE_0.1_5	short-term
84999.0	1000.0	0.9899433902967716	111062.0	0.0001506707028064	0.2423986673325952	0.2390837652752732	0.6511441328310311	10.0	119581.0	0.0001506959903187	100001.0	99.98321951881633	92.87595855528889	WE_0.1_6	short-term
84999.0	1000.0	0.990390278678852	109825.0	0.0001541201804902	0.2302062910776506	0.2177720360338762	0.4526567995840133	10.0	119242.0	0.0001540917925549	100001.0	100.01842274324243	92.10261485047215	WE_0.1_7	short-term
84999.0	1000.0	0.9950140201619628	110496.0	0.0001529889311356	0.2383224954823792	0.2332622654671048	0.5354364137998935	10.0	119683.0	0.0001534990777971	100001.0	99.66765490137058	92.32388893994971	WE_0.1_8	short-term
84999.0	1000.0	0.9858736739355314	113464.0	0.0001576612473787	0.2381850122851536	0.2195308925368424	0.4940914226388592	10.0	121903.0	0.000157621963433	100001.0	100.02492288818412	93.07728275760235	WE_0.1_9	short-term
84999.0	1000.0	0.8918388272786165	109004.0	0.0001521875487494	0.2473496039835588	0.2004447294621379	0.4982780632395132	20.0	120152.0	0.0001531876482548	100001.0	99.34714089758954	90.7217524469006	WE_0.2_1	short-term
84999.0	1000.0	0.9031176129916588	109438.0	0.0001510932357679	0.2446207977623493	0.2059765305612182	0.4475113657167882	20.0	120221.0	0.0001516704319582	100001.0	99.61944053112536	91.03068515483984	WE_0.2_2	short-term
84999.0	1000.0	0.904760181695373	107456.0	0.0001516507969485	0.2350680137323928	0.2120915167475487	0.4330867411904812	20.0	118738.0	0.0001524779362661	100001.0	99.45753507828404	90.49840826020314	WE_0.2_3	short-term
84999.0	1000.0	0.9041648380864948	109412.0	0.0001534559099399	0.2379960502112695	0.1976570173505725	0.4127768570204891	20.0	120427.0	0.000153858629276	100001.0	99.73825365662293	90.85338005596752	WE_0.2_4	short-term
84999.0	1000.0	0.8995573255323462	109181.0	0.0001508234770335	0.2327920593830393	0.2182748402612689	0.5049567616273712	20.0	120141.0	0.0001513253773928	100001.0	99.66833034356345	90.87738573842402	WE_0.2_5	short-term
84999.0	1000.0	0.8959771321695267	109630.0	0.0001534028562081	0.2398083089916338	0.2493067619734776	0.8590701035894965	20.0	120224.0	0.0001539924993261	100001.0	99.61709620885406	91.1881155177003	WE_0.2_6	short-term
84999.0	1000.0	0.900797345140812	109731.0	0.0001570640729965	0.2290771439670637	0.2201684167084525	0.5865814601524055	20.0	119985.0	0.000157519915238	100001.0	99.7106129464257	91.45393174146768	WE_0.2_7	short-term
84999.0	1000.0	0.8936336980742243	111195.0	0.0001576834407303	0.2366597613028697	0.2046340688232324	0.4419872650513904	20.0	121870.0	0.0001580928065748	100001.0	99.74105979053112	91.24066628374497	WE_0.2_8	short-term
84999.0	1000.0	0.8990380777407107	109761.0	0.0001526924513206	0.2519186004873226	0.2236104973037458	0.5721507501863313	20.0	120080.0	0.0001530866837087	100001.0	99.74247767438075	91.40656229180546	WE_0.2_9	short-term
84999.0	1000.0	0.8722444965822178	104470.0	0.0001520993937919	0.2356198597375585	0.2027924446607492	0.4462282484974196	30.0	119751.0	0.0001541093009257	100001.0	98.69579115489658	87.23935499494785	WE_0.3_1	short-term
84999.0	1000.0	0.8895222320392475	104075.0	0.00014981162007	0.2156023313574819	0.2170529793354538	0.5224840270646594	30.0	118820.0	0.0001509179023186	100001.0	99.26696420265336	87.59047298434606	WE_0.3_2	short-term
84999.0	1000.0	0.882600862259619	105281.0	0.0001534411877088	0.2109100571270811	0.2385672073816018	0.669655600372324	30.0	120965.0	0.0001552464438749	100001.0	98.83716746030287	87.03426611003184	WE_0.3_3	short-term
84999.0	1000.0	0.902128641601043	104658.0	0.0001519284125012	0.2058495539415746	0.1994702695852439	0.3952260270570431	30.0	119349.0	0.0001533809805191	100001.0	99.05296731512348	87.6907221677601	WE_0.3_4	short-term
84999.0	1000.0	0.8897038838841742	104631.0	0.0001514009965032	0.2156335849768916	0.2365730780907271	0.5879807999855179	30.0	120485.0	0.0001535856876937	100001.0	98.57754246290384	86.8415155413537	WE_0.3_5	short-term
84999.0	1000.0	0.8803203602023145	103948.0	0.0001495521355978	0.2327329399799075	0.2456892945610073	0.6648831315122501	30.0	118327.0	0.000150453419579	100001.0	99.40095480466846	87.84808201002308	WE_0.3_6	short-term
84999.0	1000.0	0.8918071907604894	104779.0	0.0001533388791345	0.2332998178630284	0.2100890323897428	0.4209985000121812	30.0	119499.0	0.0001548663822157	100001.0	99.01366386988204	87.68190528791035	WE_0.3_7	short-term
84999.0	1000.0	0.8949770409681155	104921.0	0.0001506118349474	0.2180571081912739	0.2033382531777072	0.4129044426042536	30.0	119748.0	0.0001516975967901	100001.0	99.28425903529484	87.61816481277349	WE_0.3_8	short-term
84999.0	1000.0	0.8924369214884732	106316.0	0.0001542096786993	0.2263880833634838	0.2161882370897121	0.4270546294700994	30.0	120906.0	0.0001557767701588	100001.0	98.99401466733295	87.93277422129589	WE_0.3_9	short-term
84999.0	1000.0	0.7043687805931463	98768.0	0.0001504981795097	0.2114673802125363	0.2060183511564199	0.4402418553983486	40.0	120510.0	0.0001543759964252	100001.0	97.48807003336239	81.95834370591652	WE_0.4_1	short-term
84999.0	1000.0	0.7011051909351415	98503.0	0.0001518908714057	0.2103759057818651	0.2226099364876977	0.5515488036934211	40.0	119398.0	0.0001547422113268	100001.0	98.15736126771624	82.49970686276153	WE_0.4_2	short-term
84999.0	1000.0	0.7027996594483118	98425.0	0.0001480853242971	0.2350935116205712	0.2100263309299348	0.4438494505820113	40.0	117485.0	0.0001504091748064	100001.0	98.45498087979595	83.77665233859642	WE_0.4_3	short-term
84999.0	1000.0	0.6985521629475221	99232.0	0.0001499786518159	0.2087268703539272	0.2037335524415547	0.4160355009299376	40.0	118882.0	0.0001528845558777	100001.0	98.09928213800445	83.47100486196396	WE_0.4_4	short-term
84999.0	1000.0	0.7005375949963134	100003.0	0.000150848643987	0.2298907276876784	0.2044486282967298	0.5164053822453006	40.0	119866.0	0.0001531936585325	100001.0	98.46924829136937	83.42899571187826	WE_0.4_5	short-term
84999.0	1000.0	0.7036795798451223	98589.0	0.0001480815177388	0.2007536615903573	0.2095164609974717	0.5033276576161464	40.0	118532.0	0.0001512550988592	100001.0	97.901835280704	83.1750075928863	WE_0.4_6	short-term
84999.0	1000.0	0.7009322987826941	99554.0	0.0001487677309504	0.2353149921201782	0.2039120778566718	0.4375537198195892	40.0	119561.0	0.0001513340524457	100001.0	98.30420090268788	83.26628248341851	WE_0.4_7	short-term
84999.0	1000.0	0.7032300052197614	98351.0	0.0001478972886693	0.2145446741319832	0.1984511589720721	0.400574936999467	40.0	118536.0	0.0001506240911885	100001.0	98.189663753199	82.97141796585004	WE_0.4_8	short-term
84999.0	1000.0	0.6948283871415322	97429.0	0.0001464432118709	0.2107001430416064	0.196976590798785	0.385136929511384	40.0	117974.0	0.0001497563431089	100001.0	97.78765214933783	82.58514587960059	WE_0.4_9	short-term
84999.0	1000.0	0.5038083166320261	91306.0	0.0001440985208304	0.2092443472913169	0.209952222611097	0.4583357914292244	50.0	117454.0	0.0001482940624171	100001.0	97.17079597233003	77.73766751238783	WE_0.5_1	short-term
84999.0	1000.0	0.5005497463439894	91734.0	0.0001468148376488	0.2190370401856151	0.2128108877875792	0.5019039994318778	50.0	118067.0	0.0001521148092097	100001.0	96.5158082974067	77.69656212150728	WE_0.5_2	short-term
84999.0	1000.0	0.5018347618711755	92901.0	0.0001476554269985	0.2213338583613028	0.2166855937904071	0.4409452760278428	50.0	119021.0	0.0001528973291597	100001.0	96.57161953710461	78.05429293990136	WE_0.5_3	short-term
84999.0	1000.0	0.4956003156191083	91790.0	0.0001448968687093	0.216138458056614	0.2082033392295423	0.4103072392635007	50.0	117847.0	0.0001496626924165	100001.0	96.81562343276767	77.88912742793622	WE_0.5_4	short-term
84999.0	1000.0	0.4998882661132104	91694.0	0.0001458836195898	0.2188318719170531	0.2368422551755175	0.6079477343562695	50.0	117846.0	0.000152166103767	100001.0	95.87129852071399	77.80832612053018	WE_0.5_5	short-term
84999.0	1000.0	0.5068743822180132	91509.0	0.0001487106818859	0.2022256922767446	0.2109696210754096	0.4876395295607472	50.0	117905.0	0.00015345039227	100001.0	96.9112425755417	77.61248462745431	WE_0.5_6	short-term
84999.0	1000.0	0.50611223536954	91491.0	0.0001448197986343	0.217216713179834	0.2193439389098326	0.4858941243088761	50.0	117303.0	0.0001499494317892	100001.0	96.57909130185217	77.99544768675993	WE_0.5_7	short-term
84999.0	1000.0	0.506237467367579	93092.0	0.0001466448277138	0.2168235815267078	0.1853680340003891	0.389285113241541	50.0	118294.0	0.0001515571943304	100001.0	96.7587374269473	78.69545370010313	WE_0.5_8	short-term
84999.0	1000.0	0.5032341922364353	92005.0	0.0001482975195698	0.2161730571258437	0.2171769185104731	0.5118697919788981	50.0	117559.0	0.0001522819703019	100001.0	97.38350461042708	78.26282972805144	WE_0.5_9	short-term
84999.0	1000.0	0.5043224090105292	83483.0	0.0001431952829865	0.1794794609529124	0.2269582055672059	0.4327358438835256	60.0	118952.0	0.00015031236817	100001.0	95.2651366815998	70.18209025489273	WE_0.6_1	short-term
84999.0	1000.0	0.4945745568971454	82997.0	0.0001423974577038	0.1831532066537497	0.2406132799018239	0.5576290700897673	60.0	117023.0	0.0001500032646989	100001.0	94.92957235939691	70.92366457875802	WE_0.6_2	short-term
84999.0	1000.0	0.4975303028177587	84324.0	0.00014278145013	0.1937694348082744	0.2168767715168	0.3966438807581817	60.0	118169.0	0.0001511026759279	100001.0	94.4929990506121	71.35881661010926	WE_0.6_3	short-term
84999.0	1000.0	0.5009395968806861	85708.0	0.0001473414758779	0.1820450714012796	0.2227834701320116	0.4213722280101205	60.0	118890.0	0.0001545250780004	100001.0	95.35117392240927	72.09016738161326	WE_0.6_4	short-term
84999.0	1000.0	0.500340266108797	86236.0	0.0001473495113656	0.1718745775015829	0.2177489543655081	0.5136523756065429	60.0	118172.0	0.000154913177287	100001.0	95.11748060825892	72.97498561418949	WE_0.6_5	short-term
84999.0	1000.0	0.4994027974911562	84833.0	0.0001442426535868	0.1826582621187294	0.2563041967184784	0.7375355049253641	60.0	117593.0	0.0001524948909243	100001.0	94.58851553158163	72.14119888088577	WE_0.6_6	short-term
84999.0	1000.0	0.4989363614816456	83311.0	0.000146233554052	0.1801694336198584	0.2105419956072082	0.4323335827519447	60.0	118070.0	0.0001535828608874	100001.0	95.21476107884969	70.56068433979843	WE_0.6_7	short-term
84999.0	1000.0	0.4985195448637419	82783.0	0.0001419371474087	0.1886977080317301	0.2388553185556999	0.594174791868001	60.0	116432.0	0.0001491856749857	100001.0	95.14127105186554	71.09986945169713	WE_0.6_8	short-term
84999.0	1000.0	0.4983056624998917	84551.0	0.0001450585996098	0.1775963916565588	0.2429624790537873	0.5915760400483342	60.0	118507.0	0.0001531243357527	100001.0	94.732557628249	71.34684027103884	WE_0.6_9	short-term
84999.0	1000.0	0.3019463047430893	75873.0	0.0001420294645873	0.1651606467774283	0.2131085990445722	0.4206144039728671	70.0	117512.0	0.0001537689575574	100001.0	92.36549876088105	64.5661719654163	WE_0.7_1	short-term
84999.0	1000.0	0.3031575958787397	75138.0	0.0001393983307153	0.1720595013376443	0.2214040876366728	0.4755192264735969	70.0	115994.0	0.0001507799304873	100001.0	92.45151544027362	64.77748849078401	WE_0.7_2	short-term
84999.0	1000.0	0.2992415313618846	75849.0	0.0001407609314757	0.1721442550006384	0.2066198338804562	0.5044869477368926	70.0	116293.0	0.000150468649529	100001.0	93.54834506477775	65.22232636530144	WE_0.7_3	short-term
84999.0	1000.0	0.3015599722522281	74830.0	0.0001393341658829	0.1705150740864767	0.224642422591881	0.6181499046886665	70.0	116815.0	0.0001500458863933	100001.0	92.86103686820012	64.05855412404229	WE_0.7_4	short-term
84999.0	1000.0	0.3083277358030263	75510.0	0.0001393441067133	0.1635839973186878	0.2231586636790254	0.6567034557626199	70.0	117538.0	0.0001511044414471	100001.0	92.21708202540349	64.24305331041876	WE_0.7_5	short-term
84999.0	1000.0	0.3026610108588023	74576.0	0.0001386323245172	0.1676158280541015	0.2227117042907847	0.5301757127568458	70.0	116225.0	0.0001498316329075	100001.0	92.52540456712903	64.16519681651968	WE_0.7_6	short-term
84999.0	1000.0	0.3063967791366717	76618.0	0.0001447027545422	0.1829942687124233	0.2284047891988797	0.5817732456690095	70.0	117285.0	0.0001553231256587	100001.0	93.16240188223053	65.32634181694164	WE_0.7_7	short-term
84999.0	1000.0	0.2987694565224357	73867.0	0.0001369768455277	0.1783706110750039	0.2103938583432212	0.5576864521038575	70.0	114652.0	0.0001489343070194	100001.0	91.97131827380615	64.42713602902697	WE_0.7_8	short-term
84999.0	1000.0	0.3011623440844886	76641.0	0.0001408713809604	0.1674770291745074	0.2181107410457045	0.5944390059693386	70.0	116157.0	0.0001531459761573	100001.0	91.9850357776998	65.98052635656913	WE_0.7_9	short-term
84999.0	672.0	0.2917006934534328	65414.0	0.0001369593822133	0.2925182712820202	0.2083020611289727	0.3920293390863211	80.0	115730.0	0.0001543037673936	100001.0	88.7595841156245	56.522941328955326	WE_0.8_1	short-term
84999.0	662.0	0.2916324455444756	63255.0	0.0001372244110359	0.2325520445342874	0.27592590791979	0.5367221193193196	80.0	113746.0	0.0001539605722184	100001.0	89.1295797739963	55.61074675153412	WE_0.8_2	short-term
84999.0	666.0	0.3000346441369326	62695.0	0.0001336930704521	0.3260326897700885	0.2599700618873927	0.4735125505850028	80.0	114148.0	0.0001516410831227	100001.0	88.16414898851824	54.92430879209448	WE_0.8_3	short-term
84999.0	650.0	0.2848431724345758	63843.0	0.0001380416629596	0.3213077955076677	0.2535790871943726	0.4517857469247302	80.0	114552.0	0.0001533873883672	100001.0	89.99544514646584	55.732767651372306	WE_0.8_4	short-term
84999.0	646.0	0.2977916676703686	62981.0	0.000134614490435	0.2082614360872749	0.2469214868347678	0.6104453866602162	80.0	113936.0	0.0001522584367896	100001.0	88.4118432274584	55.27752422412583	WE_0.8_5	short-term
84999.0	659.0	0.3025972198360621	64574.0	0.0001369450121269	0.3289018546871736	0.2470697763897087	0.4648757215887155	80.0	114405.0	0.0001516124567901	100001.0	90.32569950138969	56.44333726672785	WE_0.8_6	short-term
84999.0	650.0	0.297073257338532	64011.0	0.0001379311389352	0.2186333182174245	0.2466042643235766	0.4636657096556364	80.0	115939.0	0.0001547467057888	100001.0	89.13348961589523	55.21092988554326	WE_0.8_7	short-term
84999.0	663.0	0.3009832099588941	64311.0	0.0001378588598423	0.2823253260689632	0.2455760011416999	0.4255637089063559	80.0	115081.0	0.0001547311932322	100001.0	89.09571299913634	55.88324745179483	WE_0.8_8	short-term
84999.0	670.0	0.3008189418911063	64087.0	0.0001350775148975	0.4222131121296887	0.2735444341376923	0.5054561912958224	80.0	115007.0	0.0001510525073951	100001.0	89.42421230002158	55.724434164876925	WE_0.8_9	short-term
84999.0	297.0	0.0530256351994573	47805.0	0.0001190843326463	0.1639952340779419	0.191882810058023	0.511292517006754	90.0	112833.0	0.0001539414521291	100001.0	77.35689835277911	42.36792427747202	WE_0.9_1	short-term
84999.0	289.0	0.0543054305381059	47866.0	0.0001184205643676	0.1598021601631683	0.1933478093425189	0.4991505569332892	90.0	113088.0	0.0001529878036973	100001.0	77.40523198954187	42.326329937747595	WE_0.9_2	short-term
84999.0	275.0	0.0528343545748945	48749.0	0.0001171826656731	0.231760577991609	0.2171938209318683	0.5126180197300159	90.0	112205.0	0.0001505102868178	100001.0	77.85691473364562	43.446370482598816	WE_0.9_3	short-term
84999.0	276.0	0.0542365889551677	49670.0	0.0001228095111654	0.1415788921138918	0.1812648961964103	0.4218245836903496	90.0	113723.0	0.0001552965298252	100001.0	79.0806538327888	43.67630118797429	WE_0.9_4	short-term
84999.0	265.0	0.0537323885340211	50091.0	0.0001255338798016	0.148596512465956	0.1691994881000691	0.3702282372746556	90.0	112732.0	0.0001534493513824	100001.0	81.80802243260456	44.4337011673704	WE_0.9_5	short-term
84999.0	277.0	0.0529404121259537	49121.0	0.0001236342073102	0.1452197992156136	0.1819149569577513	0.4193869677829414	90.0	112990.0	0.0001546016405657	100001.0	79.96953127910699	43.47375873971148	WE_0.9_6	short-term
84999.0	282.0	0.0514512890294564	48229.0	0.0001106574476903	0.2064718475294972	0.2139166634613171	0.5840232550320607	90.0	113797.0	0.0001547377409627	100001.0	71.5129011202085	42.38160935701293	WE_0.9_7	short-term
84999.0	268.0	0.0507098672643024	47417.0	0.0001132428608592	0.1726494612204353	0.201218885113903	0.4253488256839872	90.0	114309.0	0.000155429295426	100001.0	72.85811889504126	41.48142316003114	WE_0.9_8	short-term
84999.0	272.0	0.0546895252743865	48024.0	0.0001156865222484	0.1835155334227919	0.1971900198323978	0.4659369615218254	90.0	112450.0	0.0001517114600654	100001.0	76.25430682595083	42.706980880391285	WE_0.9_9	short-term
85001.0	1968.0	0.9977261395383672	120057.0	0.0001535337319203	0.2471592412122711	0.2123581099040456	0.461478692247923	0	120057.0	0.0001535337319203	99999.0	100.0	100.0	WE_0.1_1	short-term
85001.0	1954.0	0.994161983234028	121500.0	0.0001571115526811	0.2467883021840658	0.2223747584888712	0.4905317336636646	0	121500.0	0.0001571115526811	99999.0	100.0	100.0	WE_0.1_2	short-term
85001.0	1924.0	0.997335028352388	120285.0	0.0001527287908092	0.2514940991862859	0.217253751768066	0.4572013972453805	0	120285.0	0.0001527287908092	99999.0	100.0	100.0	WE_0.1_3	short-term
85001.0	1932.0	0.9931097997749924	121354.0	0.0001569568875149	0.2454938408815828	0.2272832684637137	0.5932562351957642	0	121354.0	0.0001569568875149	99999.0	100.0	100.0	WE_0.1_4	short-term
85001.0	1961.0	0.997282321238942	119097.0	0.0001511975988495	0.2452618614513755	0.2364820152422131	0.7219069239500567	0	119097.0	0.0001511975988495	99999.0	100.0	100.0	WE_0.1_5	short-term
85001.0	1913.0	0.995838407639664	119581.0	0.0001506959903187	0.2527901479302432	0.2322642260840177	0.6198131726840079	0	119581.0	0.0001506959903187	99999.0	100.0	100.0	WE_0.1_6	short-term
85001.0	1964.0	0.9963443949683982	119242.0	0.0001540917925549	0.245384596050817	0.2304605933690935	0.5513184584178499	0	119242.0	0.0001540917925549	99999.0	100.0	100.0	WE_0.1_7	short-term
85001.0	1976.0	0.9943774424909404	119683.0	0.0001534990777971	0.2482823304683444	0.225206410757159	0.534224450221253	0	119683.0	0.0001534990777971	99999.0	100.0	100.0	WE_0.1_8	short-term
85001.0	1921.0	0.9950428638948026	121903.0	0.000157621963433	0.2380844256163559	0.2118733974369023	0.4219239898027954	0	121903.0	0.000157621963433	99999.0	100.0	100.0	WE_0.1_9	short-term
85001.0	1931.0	0.993697411180507	120152.0	0.0001531876482548	0.2544923286771219	0.2200750136742862	0.500568451671187	0	120152.0	0.0001531876482548	99999.0	100.0	100.0	WE_0.2_1	short-term
85001.0	1951.0	0.9992386141590792	120221.0	0.0001516704319582	0.2448800398120134	0.203816649534708	0.4072501832396775	0	120221.0	0.0001516704319582	99999.0	100.0	100.0	WE_0.2_2	short-term
85001.0	1955.0	0.9989869246632632	118738.0	0.0001524779362661	0.2454302036363664	0.2292232018564048	0.5418554982411199	0	118738.0	0.0001524779362661	99999.0	100.0	100.0	WE_0.2_3	short-term
85001.0	1934.0	0.9946956837564648	120427.0	0.000153858629276	0.2547778398081413	0.2145538252711258	0.521020885382249	0	120427.0	0.000153858629276	99999.0	100.0	100.0	WE_0.2_4	short-term
85001.0	1908.0	0.9956893190464978	120141.0	0.0001513253773928	0.2381435433675466	0.2143957242546077	0.5241831988633724	0	120141.0	0.0001513253773928	99999.0	100.0	100.0	WE_0.2_5	short-term
85001.0	1947.0	0.9951060454155564	120224.0	0.0001539924993261	0.2443090912210666	0.2133883050851245	0.4598272703480764	0	120224.0	0.0001539924993261	99999.0	100.0	100.0	WE_0.2_6	short-term
85001.0	1933.0	0.994461468566944	119985.0	0.000157519915238	0.2390775227054916	0.2255417015276941	0.5555297231347082	0	119985.0	0.000157519915238	99999.0	100.0	100.0	WE_0.2_7	short-term
85001.0	1942.0	0.9931283058470508	121870.0	0.0001580928065748	0.2408260655842517	0.2062839957714522	0.4128103821548102	0	121870.0	0.0001580928065748	99999.0	100.0	100.0	WE_0.2_8	short-term
85001.0	1910.0	0.9959830093532972	120080.0	0.0001530866837087	0.2499523734469741	0.2259143512114046	0.5772255237409208	0	120080.0	0.0001530866837087	99999.0	100.0	100.0	WE_0.2_9	short-term
85001.0	1946.0	0.99310348439912	119751.0	0.0001541093009257	0.2381928806754919	0.2206918878042544	0.5697703047113549	0	119751.0	0.0001541093009257	99999.0	100.0	100.0	WE_0.3_1	short-term
85001.0	1927.0	0.9994710700429396	118820.0	0.0001509179023186	0.2451760459971968	0.2194472817675373	0.4558256116154331	0	118820.0	0.0001509179023186	99999.0	100.0	100.0	WE_0.3_2	short-term
85001.0	1911.0	0.9952479767159402	120965.0	0.0001552464438749	0.2466677225341486	0.2222647268133435	0.4392945501672704	0	120965.0	0.0001552464438749	99999.0	100.0	100.0	WE_0.3_3	short-term
85001.0	1877.0	0.9963753068703134	119349.0	0.0001533809805191	0.2361516194392315	0.2054648291675694	0.3857495055239689	0	119349.0	0.0001533809805191	99999.0	100.0	100.0	WE_0.3_4	short-term
85001.0	1889.0	0.9980740028453452	120485.0	0.0001535856876937	0.2482055770258932	0.2280374015314629	0.6148783733544653	0	120485.0	0.0001535856876937	99999.0	100.0	100.0	WE_0.3_5	short-term
85001.0	1916.0	0.996548413117681	118327.0	0.000150453419579	0.2461252868075658	0.2229807652766975	0.5226603507873512	0	118327.0	0.000150453419579	99999.0	100.0	100.0	WE_0.3_6	short-term
85001.0	1926.0	0.99646937518775	119499.0	0.0001548663822157	0.2538502991556786	0.2138010359114453	0.4304435283575631	0	119499.0	0.0001548663822157	99999.0	100.0	100.0	WE_0.3_7	short-term
85001.0	1890.0	0.9963179192660984	119748.0	0.0001516975967901	0.2431330300952942	0.2227973848920486	0.5512070202184135	0	119748.0	0.0001516975967901	99999.0	100.0	100.0	WE_0.3_8	short-term
85001.0	1921.0	0.9952930278739875	120906.0	0.0001557767701588	0.2470755004701399	0.2120870347510958	0.4229319032050316	0	120906.0	0.0001557767701588	99999.0	100.0	100.0	WE_0.3_9	short-term
85001.0	1892.0	0.9969813647764296	120510.0	0.0001543759964252	0.2462017957486559	0.2088805838224311	0.4241547320578214	0	120510.0	0.0001543759964252	99999.0	100.0	100.0	WE_0.4_1	short-term
85001.0	1883.0	0.9974813212565062	119398.0	0.0001547422113268	0.2386726590856238	0.2294449834368238	0.6645745751672686	0	119398.0	0.0001547422113268	99999.0	100.0	100.0	WE_0.4_2	short-term
85001.0	1892.0	0.993510184438932	117485.0	0.0001504091748064	0.2407793921394972	0.223442798632992	0.449216448686226	0	117485.0	0.0001504091748064	99999.0	100.0	100.0	WE_0.4_3	short-term
85001.0	1867.0	0.9950872847052356	118882.0	0.0001528845558777	0.244971769465293	0.2323543477702823	0.5457355245456904	0	118882.0	0.0001528845558777	99999.0	100.0	100.0	WE_0.4_4	short-term
85001.0	1927.0	0.9980103317006248	119866.0	0.0001531936585325	0.2459670744571435	0.2236676909801972	0.573164172493435	0	119866.0	0.0001531936585325	99999.0	100.0	100.0	WE_0.4_5	short-term
85001.0	1913.0	0.995718609622384	118532.0	0.0001512550988592	0.2477949144902574	0.2125178966489295	0.3976400582827902	0	118532.0	0.0001512550988592	99999.0	100.0	100.0	WE_0.4_6	short-term
85001.0	1896.0	0.9933943259356484	119561.0	0.0001513340524457	0.2438429496207589	0.2189782947695142	0.4336470759669038	0	119561.0	0.0001513340524457	99999.0	100.0	100.0	WE_0.4_7	short-term
85001.0	1891.0	0.9959933178747982	118536.0	0.0001506240911885	0.250789240677894	0.227214142918652	0.6120775640043876	0	118536.0	0.0001506240911885	99999.0	100.0	100.0	WE_0.4_8	short-term
85001.0	1885.0	0.997480151960775	117974.0	0.0001497563431089	0.2415601936199677	0.208830274023218	0.392586692899264	0	117974.0	0.0001497563431089	99999.0	100.0	100.0	WE_0.4_9	short-term
85001.0	1879.0	0.9990795797004638	117454.0	0.0001482940624171	0.2413266874890978	0.2354615796277213	0.6928599151906256	0	117454.0	0.0001482940624171	99999.0	100.0	100.0	WE_0.5_1	short-term
85001.0	1820.0	0.9968094905464532	118067.0	0.0001521148092097	0.243275972743874	0.2182412475317155	0.4768485342475009	0	118067.0	0.0001521148092097	99999.0	100.0	100.0	WE_0.5_2	short-term
85001.0	1839.0	0.995673895743441	119021.0	0.0001528973291597	0.240693706913877	0.2067020744494381	0.3827217535270439	0	119021.0	0.0001528973291597	99999.0	100.0	100.0	WE_0.5_3	short-term
85001.0	1850.0	0.9905142804269969	117847.0	0.0001496626924165	0.2552682463159293	0.2190645446405036	0.5200401455481873	0	117847.0	0.0001496626924165	99999.0	100.0	100.0	WE_0.5_4	short-term
85001.0	1834.0	0.993564640345131	117846.0	0.000152166103767	0.2392756516058314	0.2326008483062025	0.5467611972050033	0	117846.0	0.000152166103767	99999.0	100.0	100.0	WE_0.5_5	short-term
85001.0	1868.0	0.997399980959716	117905.0	0.00015345039227	0.2534569053139448	0.2308020149228325	0.4628917673818538	0	117905.0	0.00015345039227	99999.0	100.0	100.0	WE_0.5_6	short-term
85001.0	1866.0	0.997380371624674	117303.0	0.0001499494317892	0.2463742864646801	0.2114609658141569	0.4313199847668326	0	117303.0	0.0001499494317892	99999.0	100.0	100.0	WE_0.5_7	short-term
85001.0	1829.0	0.9981231473239112	118294.0	0.0001515571943304	0.2388574549651535	0.2269972529988934	0.5370161019279538	0	118294.0	0.0001515571943304	99999.0	100.0	100.0	WE_0.5_8	short-term
85001.0	1832.0	0.9957446991140708	117559.0	0.0001522819703019	0.2461425987650301	0.2325443209326777	0.6153969732994892	0	117559.0	0.0001522819703019	99999.0	100.0	100.0	WE_0.5_9	short-term
85001.0	1805.0	0.995522383603358	118952.0	0.00015031236817	0.2628974765921799	0.2134722794307836	0.4937473213169967	0	118952.0	0.00015031236817	99999.0	100.0	100.0	WE_0.6_1	short-term
85001.0	1790.0	0.991773685717778	117023.0	0.0001500032646989	0.2629051021764769	0.2218346354114976	0.4833373658584654	0	117023.0	0.0001500032646989	99999.0	100.0	100.0	WE_0.6_2	short-term
85001.0	1774.0	0.9970371256136714	118169.0	0.0001511026759279	0.2562309365490887	0.2115234793473826	0.5025545750895053	0	118169.0	0.0001511026759279	99999.0	100.0	100.0	WE_0.6_3	short-term
85001.0	1785.0	0.9984570110148508	118890.0	0.0001545250780004	0.2702521318147511	0.2299851284853735	0.5622928503787878	0	118890.0	0.0001545250780004	99999.0	100.0	100.0	WE_0.6_4	short-term
85001.0	1786.0	0.9981971063573644	118172.0	0.000154913177287	0.2615782350941912	0.2265447640617492	0.4750499471101557	0	118172.0	0.000154913177287	99999.0	100.0	100.0	WE_0.6_5	short-term
85001.0	1794.0	0.9945739695273238	117593.0	0.0001524948909243	0.2593759820531762	0.2280455914519746	0.4861719859250571	0	117593.0	0.0001524948909243	99999.0	100.0	100.0	WE_0.6_6	short-term
85001.0	1814.0	0.9961030555040232	118070.0	0.0001535828608874	0.256578775804848	0.2298745165807612	0.5291358893187947	0	118070.0	0.0001535828608874	99999.0	100.0	100.0	WE_0.6_7	short-term
85001.0	1809.0	0.9961326370656608	116432.0	0.0001491856749857	0.2579187907660494	0.2490983911370714	0.7459772249040723	0	116432.0	0.0001491856749857	99999.0	100.0	100.0	WE_0.6_8	short-term
85001.0	1807.0	0.9954466137164998	118507.0	0.0001531243357527	0.2541295343267599	0.2326358636662368	0.6137336312241479	0	118507.0	0.0001531243357527	99999.0	100.0	100.0	WE_0.6_9	short-term
85001.0	1663.0	0.997420892977094	117512.0	0.0001537689575574	0.261705815883846	0.2344630967815032	0.5620113616708842	0	117512.0	0.0001537689575574	99999.0	100.0	100.0	WE_0.7_1	short-term
85001.0	1667.0	0.9912769515573684	115994.0	0.0001507799304873	0.2620895635183195	0.2271635277793423	0.4297854638378796	0	115994.0	0.0001507799304873	99999.0	100.0	100.0	WE_0.7_2	short-term
85001.0	1664.0	0.9918927784910004	116293.0	0.000150468649529	0.2726587837996049	0.2482590823111571	0.7762483797296463	0	116293.0	0.000150468649529	99999.0	100.0	100.0	WE_0.7_3	short-term
85001.0	1676.0	0.9943243096626326	116815.0	0.0001500458863933	0.2593057168869939	0.2230727416140116	0.4766657086125461	0	116815.0	0.0001500458863933	99999.0	100.0	100.0	WE_0.7_4	short-term
85001.0	1673.0	0.996825736408463	117538.0	0.0001511044414471	0.2587936113796453	0.2085426486352	0.4053378586855908	0	117538.0	0.0001511044414471	99999.0	100.0	100.0	WE_0.7_5	short-term
85001.0	1672.0	0.9988931353209078	116225.0	0.0001498316329075	0.2583107818610561	0.2456328672093785	0.7547762049920019	0	116225.0	0.0001498316329075	99999.0	100.0	100.0	WE_0.7_6	short-term
85001.0	1678.0	0.9983316695458956	117285.0	0.0001553231256587	0.2578755986126409	0.2382203253217217	0.5639002857287878	0	117285.0	0.0001553231256587	99999.0	100.0	100.0	WE_0.7_7	short-term
85001.0	1623.0	0.9948454853866576	114652.0	0.0001489343070194	0.2516146924952407	0.2242252557910014	0.549602765865789	0	114652.0	0.0001489343070194	99999.0	100.0	100.0	WE_0.7_8	short-term
85001.0	1699.0	0.995554691873204	116157.0	0.0001531459761573	0.25670829445712	0.2249901686559931	0.4338268553071601	0	116157.0	0.0001531459761573	99999.0	100.0	100.0	WE_0.7_9	short-term
85001.0	1371.0	0.9977651748649792	115730.0	0.0001543037673936	0.2613582599012303	0.2512738369918861	0.8015623107666222	0	115730.0	0.0001543037673936	99999.0	100.0	100.0	WE_0.8_1	short-term
85001.0	1354.0	0.9975605100087978	113746.0	0.0001539605722184	0.2513127727811127	0.2439043691819976	0.6794762645685934	0	113746.0	0.0001539605722184	99999.0	100.0	100.0	WE_0.8_2	short-term
85001.0	1350.0	0.9972541736806988	114148.0	0.0001516410831227	0.2454952381273406	0.2233998587315934	0.5194167777552721	0	114148.0	0.0001516410831227	99999.0	100.0	100.0	WE_0.8_3	short-term
85001.0	1361.0	0.9985982581024856	114552.0	0.0001533873883672	0.2472636249011051	0.2316875979883229	0.5249014690075242	0	114552.0	0.0001533873883672	99999.0	100.0	100.0	WE_0.8_4	short-term
85001.0	1373.0	0.9969465592091572	113936.0	0.0001522584367896	0.2439321996974779	0.241637980928177	0.6359854717039705	0	113936.0	0.0001522584367896	99999.0	100.0	100.0	WE_0.8_5	short-term
85001.0	1375.0	0.993921074861422	114405.0	0.0001516124567901	0.2565286919298449	0.2421520916575722	0.7053292460060131	0	114405.0	0.0001516124567901	99999.0	100.0	100.0	WE_0.8_6	short-term
85001.0	1352.0	0.9970784799316512	115939.0	0.0001547467057888	0.2450455442754984	0.2223223336347404	0.4305172439187477	0	115939.0	0.0001547467057888	99999.0	100.0	100.0	WE_0.8_7	short-term
85001.0	1394.0	0.9961643003854024	115081.0	0.0001547311932322	0.254408642600727	0.2430354201415732	0.7079126283813105	0	115081.0	0.0001547311932322	99999.0	100.0	100.0	WE_0.8_8	short-term
85001.0	1350.0	0.9948050384353913	115007.0	0.0001510525073951	0.2487708999634814	0.222782834200618	0.5342694451897564	0	115007.0	0.0001510525073951	99999.0	100.0	100.0	WE_0.8_9	short-term
85001.0	1162.0	0.9961632372860312	112833.0	0.0001539414521291	0.2388065748226832	0.2322045251900411	0.5402547182677382	0	112833.0	0.0001539414521291	99999.0	100.0	100.0	WE_0.9_1	short-term
85001.0	1151.0	0.9938333001847036	113088.0	0.0001529878036973	0.2409373344370299	0.2198351479974373	0.4206083776584849	0	113088.0	0.0001529878036973	99999.0	100.0	100.0	WE_0.9_2	short-term
85001.0	1140.0	0.9978409139683048	112205.0	0.0001505102868178	0.251572631908816	0.2146094817367787	0.4136739786067399	0	112205.0	0.0001505102868178	99999.0	100.0	100.0	WE_0.9_3	short-term
85001.0	1154.0	0.9950172149844916	113723.0	0.0001552965298252	0.2441165497540937	0.2306172971203829	0.6299850368530349	0	113723.0	0.0001552965298252	99999.0	100.0	100.0	WE_0.9_4	short-term
85001.0	1143.0	0.9976698812498164	112732.0	0.0001534493513824	0.2487239183225011	0.2322151078887049	0.5609953530205366	0	112732.0	0.0001534493513824	99999.0	100.0	100.0	WE_0.9_5	short-term
85001.0	1131.0	0.9955757715183008	112990.0	0.0001546016405657	0.2481558040079935	0.2267007705783875	0.4877419582071715	0	112990.0	0.0001546016405657	99999.0	100.0	100.0	WE_0.9_6	short-term
85001.0	1139.0	0.9944999403895846	113797.0	0.0001547377409627	0.2393775230574304	0.2412703754380365	0.5980135448766362	0	113797.0	0.0001547377409627	99999.0	100.0	100.0	WE_0.9_7	short-term
85001.0	1135.0	0.991190531583272	114309.0	0.000155429295426	0.23927931928025	0.2281642766885898	0.5652043629389908	0	114309.0	0.000155429295426	99999.0	100.0	100.0	WE_0.9_8	short-term
85001.0	1154.0	0.9940552097208516	112450.0	0.0001517114600654	0.2514144036815956	0.2317706022235569	0.57753125	0	112450.0	0.0001517114600654	99999.0	100.0	100.0	WE_0.9_9	short-term
85001.0	1968.0	0.9977261395383672	120057.0	0.0001535337319203	0.2471592412122711	0.2123581099040456	0.461478692247923	0	120057.0	0.0001535337319203	99999.0	100.0	100.0	WE_0.1_1	long-term
85001.0	1954.0	0.994161983234028	121500.0	0.0001571115526811	0.2467883021840658	0.2223747584888712	0.4905317336636646	0	121500.0	0.0001571115526811	99999.0	100.0	100.0	WE_0.1_2	long-term
85001.0	1924.0	0.997335028352388	120285.0	0.0001527287908092	0.2514940991862859	0.217253751768066	0.4572013972453805	0	120285.0	0.0001527287908092	99999.0	100.0	100.0	WE_0.1_3	long-term
85001.0	1932.0	0.9931097997749924	121354.0	0.0001569568875149	0.2454938408815828	0.2272832684637137	0.5932562351957642	0	121354.0	0.0001569568875149	99999.0	100.0	100.0	WE_0.1_4	long-term
85001.0	1961.0	0.997282321238942	119097.0	0.0001511975988495	0.2452618614513755	0.2364820152422131	0.7219069239500567	0	119097.0	0.0001511975988495	99999.0	100.0	100.0	WE_0.1_5	long-term
85001.0	1913.0	0.995838407639664	119581.0	0.0001506959903187	0.2527901479302432	0.2322642260840177	0.6198131726840079	0	119581.0	0.0001506959903187	99999.0	100.0	100.0	WE_0.1_6	long-term
85001.0	1964.0	0.9963443949683982	119242.0	0.0001540917925549	0.245384596050817	0.2304605933690935	0.5513184584178499	0	119242.0	0.0001540917925549	99999.0	100.0	100.0	WE_0.1_7	long-term
85001.0	1976.0	0.9943774424909404	119683.0	0.0001534990777971	0.2482823304683444	0.225206410757159	0.534224450221253	0	119683.0	0.0001534990777971	99999.0	100.0	100.0	WE_0.1_8	long-term
85001.0	1921.0	0.9950428638948026	121903.0	0.000157621963433	0.2380844256163559	0.2118733974369023	0.4219239898027954	0	121903.0	0.000157621963433	99999.0	100.0	100.0	WE_0.1_9	long-term
85001.0	1931.0	0.993697411180507	120152.0	0.0001531876482548	0.2544923286771219	0.2200750136742862	0.500568451671187	0	120152.0	0.0001531876482548	99999.0	100.0	100.0	WE_0.2_1	long-term
85001.0	1951.0	0.9992386141590792	120221.0	0.0001516704319582	0.2448800398120134	0.203816649534708	0.4072501832396775	0	120221.0	0.0001516704319582	99999.0	100.0	100.0	WE_0.2_2	long-term
85001.0	1955.0	0.9989869246632632	118738.0	0.0001524779362661	0.2454302036363664	0.2292232018564048	0.5418554982411199	0	118738.0	0.0001524779362661	99999.0	100.0	100.0	WE_0.2_3	long-term
85001.0	1934.0	0.9946956837564648	120427.0	0.000153858629276	0.2547778398081413	0.2145538252711258	0.521020885382249	0	120427.0	0.000153858629276	99999.0	100.0	100.0	WE_0.2_4	long-term
85001.0	1908.0	0.9956893190464978	120141.0	0.0001513253773928	0.2381435433675466	0.2143957242546077	0.5241831988633724	0	120141.0	0.0001513253773928	99999.0	100.0	100.0	WE_0.2_5	long-term
85001.0	1947.0	0.9951060454155564	120224.0	0.0001539924993261	0.2443090912210666	0.2133883050851245	0.4598272703480764	0	120224.0	0.0001539924993261	99999.0	100.0	100.0	WE_0.2_6	long-term
85001.0	1933.0	0.994461468566944	119985.0	0.000157519915238	0.2390775227054916	0.2255417015276941	0.5555297231347082	0	119985.0	0.000157519915238	99999.0	100.0	100.0	WE_0.2_7	long-term
85001.0	1942.0	0.9931283058470508	121870.0	0.0001580928065748	0.2408260655842517	0.2062839957714522	0.4128103821548102	0	121870.0	0.0001580928065748	99999.0	100.0	100.0	WE_0.2_8	long-term
85001.0	1910.0	0.9959830093532972	120080.0	0.0001530866837087	0.2499523734469741	0.2259143512114046	0.5772255237409208	0	120080.0	0.0001530866837087	99999.0	100.0	100.0	WE_0.2_9	long-term
85001.0	1946.0	0.99310348439912	119751.0	0.0001541093009257	0.2381928806754919	0.2206918878042544	0.5697703047113549	0	119751.0	0.0001541093009257	99999.0	100.0	100.0	WE_0.3_1	long-term
85001.0	1927.0	0.9994710700429396	118820.0	0.0001509179023186	0.2451760459971968	0.2194472817675373	0.4558256116154331	0	118820.0	0.0001509179023186	99999.0	100.0	100.0	WE_0.3_2	long-term
85001.0	1911.0	0.9952479767159402	120965.0	0.0001552464438749	0.2466677225341486	0.2222647268133435	0.4392945501672704	0	120965.0	0.0001552464438749	99999.0	100.0	100.0	WE_0.3_3	long-term
85001.0	1877.0	0.9963753068703134	119349.0	0.0001533809805191	0.2361516194392315	0.2054648291675694	0.3857495055239689	0	119349.0	0.0001533809805191	99999.0	100.0	100.0	WE_0.3_4	long-term
85001.0	1889.0	0.9980740028453452	120485.0	0.0001535856876937	0.2482055770258932	0.2280374015314629	0.6148783733544653	0	120485.0	0.0001535856876937	99999.0	100.0	100.0	WE_0.3_5	long-term
85001.0	1916.0	0.996548413117681	118327.0	0.000150453419579	0.2461252868075658	0.2229807652766975	0.5226603507873512	0	118327.0	0.000150453419579	99999.0	100.0	100.0	WE_0.3_6	long-term
85001.0	1926.0	0.99646937518775	119499.0	0.0001548663822157	0.2538502991556786	0.2138010359114453	0.4304435283575631	0	119499.0	0.0001548663822157	99999.0	100.0	100.0	WE_0.3_7	long-term
85001.0	1890.0	0.9963179192660984	119748.0	0.0001516975967901	0.2431330300952942	0.2227973848920486	0.5512070202184135	0	119748.0	0.0001516975967901	99999.0	100.0	100.0	WE_0.3_8	long-term
85001.0	1921.0	0.9952930278739875	120906.0	0.0001557767701588	0.2470755004701399	0.2120870347510958	0.4229319032050316	0	120906.0	0.0001557767701588	99999.0	100.0	100.0	WE_0.3_9	long-term
85001.0	1892.0	0.9969813647764296	120510.0	0.0001543759964252	0.2462017957486559	0.2088805838224311	0.4241547320578214	0	120510.0	0.0001543759964252	99999.0	100.0	100.0	WE_0.4_1	long-term
85001.0	1883.0	0.9974813212565062	119398.0	0.0001547422113268	0.2386726590856238	0.2294449834368238	0.6645745751672686	0	119398.0	0.0001547422113268	99999.0	100.0	100.0	WE_0.4_2	long-term
85001.0	1892.0	0.993510184438932	117485.0	0.0001504091748064	0.2407793921394972	0.223442798632992	0.449216448686226	0	117485.0	0.0001504091748064	99999.0	100.0	100.0	WE_0.4_3	long-term
85001.0	1867.0	0.9950872847052356	118882.0	0.0001528845558777	0.244971769465293	0.2323543477702823	0.5457355245456904	0	118882.0	0.0001528845558777	99999.0	100.0	100.0	WE_0.4_4	long-term
85001.0	1927.0	0.9980103317006248	119866.0	0.0001531936585325	0.2459670744571435	0.2236676909801972	0.573164172493435	0	119866.0	0.0001531936585325	99999.0	100.0	100.0	WE_0.4_5	long-term
85001.0	1913.0	0.995718609622384	118532.0	0.0001512550988592	0.2477949144902574	0.2125178966489295	0.3976400582827902	0	118532.0	0.0001512550988592	99999.0	100.0	100.0	WE_0.4_6	long-term
85001.0	1896.0	0.9933943259356484	119561.0	0.0001513340524457	0.2438429496207589	0.2189782947695142	0.4336470759669038	0	119561.0	0.0001513340524457	99999.0	100.0	100.0	WE_0.4_7	long-term
85001.0	1891.0	0.9959933178747982	118536.0	0.0001506240911885	0.250789240677894	0.227214142918652	0.6120775640043876	0	118536.0	0.0001506240911885	99999.0	100.0	100.0	WE_0.4_8	long-term
85001.0	1885.0	0.997480151960775	117974.0	0.0001497563431089	0.2415601936199677	0.208830274023218	0.392586692899264	0	117974.0	0.0001497563431089	99999.0	100.0	100.0	WE_0.4_9	long-term
85001.0	1879.0	0.9990795797004638	117454.0	0.0001482940624171	0.2413266874890978	0.2354615796277213	0.6928599151906256	0	117454.0	0.0001482940624171	99999.0	100.0	100.0	WE_0.5_1	long-term
85001.0	1820.0	0.9968094905464532	118067.0	0.0001521148092097	0.243275972743874	0.2182412475317155	0.4768485342475009	0	118067.0	0.0001521148092097	99999.0	100.0	100.0	WE_0.5_2	long-term
85001.0	1839.0	0.995673895743441	119021.0	0.0001528973291597	0.240693706913877	0.2067020744494381	0.3827217535270439	0	119021.0	0.0001528973291597	99999.0	100.0	100.0	WE_0.5_3	long-term
85001.0	1850.0	0.9905142804269969	117847.0	0.0001496626924165	0.2552682463159293	0.2190645446405036	0.5200401455481873	0	117847.0	0.0001496626924165	99999.0	100.0	100.0	WE_0.5_4	long-term
85001.0	1834.0	0.993564640345131	117846.0	0.000152166103767	0.2392756516058314	0.2326008483062025	0.5467611972050033	0	117846.0	0.000152166103767	99999.0	100.0	100.0	WE_0.5_5	long-term
85001.0	1868.0	0.997399980959716	117905.0	0.00015345039227	0.2534569053139448	0.2308020149228325	0.4628917673818538	0	117905.0	0.00015345039227	99999.0	100.0	100.0	WE_0.5_6	long-term
85001.0	1866.0	0.997380371624674	117303.0	0.0001499494317892	0.2463742864646801	0.2114609658141569	0.4313199847668326	0	117303.0	0.0001499494317892	99999.0	100.0	100.0	WE_0.5_7	long-term
85001.0	1829.0	0.9981231473239112	118294.0	0.0001515571943304	0.2388574549651535	0.2269972529988934	0.5370161019279538	0	118294.0	0.0001515571943304	99999.0	100.0	100.0	WE_0.5_8	long-term
85001.0	1832.0	0.9957446991140708	117559.0	0.0001522819703019	0.2461425987650301	0.2325443209326777	0.6153969732994892	0	117559.0	0.0001522819703019	99999.0	100.0	100.0	WE_0.5_9	long-term
85001.0	1805.0	0.995522383603358	118952.0	0.00015031236817	0.2628974765921799	0.2134722794307836	0.4937473213169967	0	118952.0	0.00015031236817	99999.0	100.0	100.0	WE_0.6_1	long-term
85001.0	1790.0	0.991773685717778	117023.0	0.0001500032646989	0.2629051021764769	0.2218346354114976	0.4833373658584654	0	117023.0	0.0001500032646989	99999.0	100.0	100.0	WE_0.6_2	long-term
85001.0	1774.0	0.9970371256136714	118169.0	0.0001511026759279	0.2562309365490887	0.2115234793473826	0.5025545750895053	0	118169.0	0.0001511026759279	99999.0	100.0	100.0	WE_0.6_3	long-term
85001.0	1785.0	0.9984570110148508	118890.0	0.0001545250780004	0.2702521318147511	0.2299851284853735	0.5622928503787878	0	118890.0	0.0001545250780004	99999.0	100.0	100.0	WE_0.6_4	long-term
85001.0	1786.0	0.9981971063573644	118172.0	0.000154913177287	0.2615782350941912	0.2265447640617492	0.4750499471101557	0	118172.0	0.000154913177287	99999.0	100.0	100.0	WE_0.6_5	long-term
85001.0	1794.0	0.9945739695273238	117593.0	0.0001524948909243	0.2593759820531762	0.2280455914519746	0.4861719859250571	0	117593.0	0.0001524948909243	99999.0	100.0	100.0	WE_0.6_6	long-term
85001.0	1814.0	0.9961030555040232	118070.0	0.0001535828608874	0.256578775804848	0.2298745165807612	0.5291358893187947	0	118070.0	0.0001535828608874	99999.0	100.0	100.0	WE_0.6_7	long-term
85001.0	1809.0	0.9961326370656608	116432.0	0.0001491856749857	0.2579187907660494	0.2490983911370714	0.7459772249040723	0	116432.0	0.0001491856749857	99999.0	100.0	100.0	WE_0.6_8	long-term
85001.0	1807.0	0.9954466137164998	118507.0	0.0001531243357527	0.2541295343267599	0.2326358636662368	0.6137336312241479	0	118507.0	0.0001531243357527	99999.0	100.0	100.0	WE_0.6_9	long-term
85001.0	1663.0	0.997420892977094	117512.0	0.0001537689575574	0.261705815883846	0.2344630967815032	0.5620113616708842	0	117512.0	0.0001537689575574	99999.0	100.0	100.0	WE_0.7_1	long-term
85001.0	1667.0	0.9912769515573684	115994.0	0.0001507799304873	0.2620895635183195	0.2271635277793423	0.4297854638378796	0	115994.0	0.0001507799304873	99999.0	100.0	100.0	WE_0.7_2	long-term
85001.0	1664.0	0.9918927784910004	116293.0	0.000150468649529	0.2726587837996049	0.2482590823111571	0.7762483797296463	0	116293.0	0.000150468649529	99999.0	100.0	100.0	WE_0.7_3	long-term
85001.0	1676.0	0.9943243096626326	116815.0	0.0001500458863933	0.2593057168869939	0.2230727416140116	0.4766657086125461	0	116815.0	0.0001500458863933	99999.0	100.0	100.0	WE_0.7_4	long-term
85001.0	1673.0	0.996825736408463	117538.0	0.0001511044414471	0.2587936113796453	0.2085426486352	0.4053378586855908	0	117538.0	0.0001511044414471	99999.0	100.0	100.0	WE_0.7_5	long-term
85001.0	1672.0	0.9988931353209078	116225.0	0.0001498316329075	0.2583107818610561	0.2456328672093785	0.7547762049920019	0	116225.0	0.0001498316329075	99999.0	100.0	100.0	WE_0.7_6	long-term
85001.0	1678.0	0.9983316695458956	117285.0	0.0001553231256587	0.2578755986126409	0.2382203253217217	0.5639002857287878	0	117285.0	0.0001553231256587	99999.0	100.0	100.0	WE_0.7_7	long-term
85001.0	1623.0	0.9948454853866576	114652.0	0.0001489343070194	0.2516146924952407	0.2242252557910014	0.549602765865789	0	114652.0	0.0001489343070194	99999.0	100.0	100.0	WE_0.7_8	long-term
85001.0	1699.0	0.995554691873204	116157.0	0.0001531459761573	0.25670829445712	0.2249901686559931	0.4338268553071601	0	116157.0	0.0001531459761573	99999.0	100.0	100.0	WE_0.7_9	long-term
85001.0	1371.0	0.9977651748649792	115730.0	0.0001543037673936	0.2613582599012303	0.2512738369918861	0.8015623107666222	0	115730.0	0.0001543037673936	99999.0	100.0	100.0	WE_0.8_1	long-term
85001.0	1354.0	0.9975605100087978	113746.0	0.0001539605722184	0.2513127727811127	0.2439043691819976	0.6794762645685934	0	113746.0	0.0001539605722184	99999.0	100.0	100.0	WE_0.8_2	long-term
85001.0	1350.0	0.9972541736806988	114148.0	0.0001516410831227	0.2454952381273406	0.2233998587315934	0.5194167777552721	0	114148.0	0.0001516410831227	99999.0	100.0	100.0	WE_0.8_3	long-term
85001.0	1361.0	0.9985982581024856	114552.0	0.0001533873883672	0.2472636249011051	0.2316875979883229	0.5249014690075242	0	114552.0	0.0001533873883672	99999.0	100.0	100.0	WE_0.8_4	long-term
85001.0	1373.0	0.9969465592091572	113936.0	0.0001522584367896	0.2439321996974779	0.241637980928177	0.6359854717039705	0	113936.0	0.0001522584367896	99999.0	100.0	100.0	WE_0.8_5	long-term
85001.0	1375.0	0.993921074861422	114405.0	0.0001516124567901	0.2565286919298449	0.2421520916575722	0.7053292460060131	0	114405.0	0.0001516124567901	99999.0	100.0	100.0	WE_0.8_6	long-term
85001.0	1352.0	0.9970784799316512	115939.0	0.0001547467057888	0.2450455442754984	0.2223223336347404	0.4305172439187477	0	115939.0	0.0001547467057888	99999.0	100.0	100.0	WE_0.8_7	long-term
85001.0	1394.0	0.9961643003854024	115081.0	0.0001547311932322	0.254408642600727	0.2430354201415732	0.7079126283813105	0	115081.0	0.0001547311932322	99999.0	100.0	100.0	WE_0.8_8	long-term
85001.0	1350.0	0.9948050384353913	115007.0	0.0001510525073951	0.2487708999634814	0.222782834200618	0.5342694451897564	0	115007.0	0.0001510525073951	99999.0	100.0	100.0	WE_0.8_9	long-term
85001.0	1162.0	0.9961632372860312	112833.0	0.0001539414521291	0.2388065748226832	0.2322045251900411	0.5402547182677382	0	112833.0	0.0001539414521291	99999.0	100.0	100.0	WE_0.9_1	long-term
85001.0	1151.0	0.9938333001847036	113088.0	0.0001529878036973	0.2409373344370299	0.2198351479974373	0.4206083776584849	0	113088.0	0.0001529878036973	99999.0	100.0	100.0	WE_0.9_2	long-term
85001.0	1140.0	0.9978409139683048	112205.0	0.0001505102868178	0.251572631908816	0.2146094817367787	0.4136739786067399	0	112205.0	0.0001505102868178	99999.0	100.0	100.0	WE_0.9_3	long-term
85001.0	1154.0	0.9950172149844916	113723.0	0.0001552965298252	0.2441165497540937	0.2306172971203829	0.6299850368530349	0	113723.0	0.0001552965298252	99999.0	100.0	100.0	WE_0.9_4	long-term
85001.0	1143.0	0.9976698812498164	112732.0	0.0001534493513824	0.2487239183225011	0.2322151078887049	0.5609953530205366	0	112732.0	0.0001534493513824	99999.0	100.0	100.0	WE_0.9_5	long-term
85001.0	1131.0	0.9955757715183008	112990.0	0.0001546016405657	0.2481558040079935	0.2267007705783875	0.4877419582071715	0	112990.0	0.0001546016405657	99999.0	100.0	100.0	WE_0.9_6	long-term
85001.0	1139.0	0.9944999403895846	113797.0	0.0001547377409627	0.2393775230574304	0.2412703754380365	0.5980135448766362	0	113797.0	0.0001547377409627	99999.0	100.0	100.0	WE_0.9_7	long-term
85001.0	1135.0	0.991190531583272	114309.0	0.000155429295426	0.23927931928025	0.2281642766885898	0.5652043629389908	0	114309.0	0.000155429295426	99999.0	100.0	100.0	WE_0.9_8	long-term
85001.0	1154.0	0.9940552097208516	112450.0	0.0001517114600654	0.2514144036815956	0.2317706022235569	0.57753125	0	112450.0	0.0001517114600654	99999.0	100.0	100.0	WE_0.9_9	long-term
								100				0.0	0.0		long-term
								100				0.0	0.0		short-term
